<?xml version="1.0" encoding="UTF-8"?> 
 
<compounds>
 <compound>
  <id>StdMix1_1</id>
  <name>Spermidine</name>
  <formula>C7H19N3</formula>
  <inchi/>
  <description></description>
  <synonyms/>
  <polarity>+</polarity>
  <retentiontime>44.76</retentiontime>
  <monoisotopicmass>145.157898</monoisotopicmass>
 </compound>
 <compound>
  <id>StdMix1_2</id>
  <name>Imidazole-4-acetate</name>
  <formula>C5H6N2O2</formula>
  <inchi/>
  <description>Care:thymidine fragment</description>
  <synonyms/>
  <polarity>+</polarity>
  <retentiontime>16.37</retentiontime>
  <monoisotopicmass></monoisotopicmass>
 </compound>
 <compound>
  <id>StdMix1_3</id>
  <name>N-Acetyl-D-glucosamine</name>
  <formula>C8H15NO6</formula>
  <inchi/>
  <description></description>
  <synonyms/>
  <polarity>+</polarity>
  <retentiontime>13.59</retentiontime>
  <monoisotopicmass></monoisotopicmass>
 </compound>
 <compound>
  <id>StdMix1_4</id>
  <name>1-Naphthylacetic acid</name>
  <formula>C12H10O2</formula>
  <inchi/>
  <description></description>
  <synonyms/>
  <polarity>+</polarity>
  <retentiontime>5.49</retentiontime>
  <monoisotopicmass></monoisotopicmass>
 </compound>
 <compound>
  <id>StdMix1_5</id>
  <name>Melatonin</name>
  <formula>C13H16N2O2</formula>
  <inchi/>
  <description></description>
  <synonyms/>
  <polarity>+</polarity>
  <retentiontime>5.88</retentiontime>
  <monoisotopicmass></monoisotopicmass>
 </compound>
 <compound>
  <id>StdMix1_6</id>
  <name>Phenylhydrazine</name>
  <formula>C6H8N2</formula>
  <inchi/>
  <description></description>
  <synonyms/>
  <polarity>+</polarity>
  <retentiontime>6.06</retentiontime>
  <monoisotopicmass></monoisotopicmass>
 </compound>
 <compound>
  <id>StdMix1_7</id>
  <name>4-Aminobenzoate</name>
  <formula>C7H7NO2</formula>
  <inchi/>
  <description></description>
  <synonyms/>
  <polarity>+</polarity>
  <retentiontime>6.21</retentiontime>
  <monoisotopicmass></monoisotopicmass>
 </compound>
 <compound>
  <id>StdMix1_8</id>
  <name>Nicotinate</name>
  <formula>C6H5NO2</formula>
  <inchi/>
  <description></description>
  <synonyms/>
  <polarity>+</polarity>
  <retentiontime>7.92</retentiontime>
  <monoisotopicmass></monoisotopicmass>
 </compound>
 <compound>
  <id>StdMix1_9</id>
  <name>riboflavin</name>
  <formula>C17H20N4O6</formula>
  <inchi/>
  <description>low conc (10fold)</description>
  <synonyms/>
  <polarity>+</polarity>
  <retentiontime>8.11</retentiontime>
  <monoisotopicmass></monoisotopicmass>
 </compound>
 <compound>
  <id>StdMix1_10</id>
  <name>Glycerol</name>
  <formula>C3H8O3</formula>
  <inchi/>
  <description></description>
  <synonyms/>
  <polarity>+</polarity>
  <retentiontime>10.7</retentiontime>
  <monoisotopicmass></monoisotopicmass>
 </compound>
 <compound>
  <id>StdMix1_11</id>
  <name>Inosine</name>
  <formula>C10H12N4O5</formula>
  <inchi/>
  <description></description>
  <synonyms/>
  <polarity>+</polarity>
  <retentiontime>11.11</retentiontime>
  <monoisotopicmass>268.08078</monoisotopicmass>
 </compound>
 <compound>
  <id>StdMix1_12</id>
  <name>L-Phenylalanine</name>
  <formula>C9H11NO2</formula>
  <inchi/>
  <description></description>
  <synonyms/>
  <polarity>+</polarity>
  <retentiontime>12.52</retentiontime>
  <monoisotopicmass></monoisotopicmass>
 </compound>
 <compound>
  <id>StdMix1_13</id>
  <name>L-Leucine</name>
  <formula>C6H13NO2</formula>
  <inchi/>
  <description></description>
  <synonyms/>
  <polarity>+</polarity>
  <retentiontime>13.14</retentiontime>
  <monoisotopicmass></monoisotopicmass>
 </compound>
 <compound>
  <id>StdMix1_14</id>
  <name>L-Tryptophan</name>
  <formula>C11H12N2O2</formula>
  <inchi/>
  <description></description>
  <synonyms/>
  <polarity>+</polarity>
  <retentiontime>13.31</retentiontime>
  <monoisotopicmass></monoisotopicmass>
 </compound>
 <compound>
  <id>StdMix1_15</id>
  <name>2-Phenylglycine</name>
  <formula>C8H9NO2</formula>
  <inchi/>
  <description></description>
  <synonyms/>
  <polarity>+</polarity>
  <retentiontime>13.91</retentiontime>
  <monoisotopicmass></monoisotopicmass>
 </compound>
 <compound>
  <id>StdMix1_16</id>
  <name>Selenomethionine</name>
  <formula>C5H11NO2Se</formula>
  <inchi/>
  <description></description>
  <synonyms/>
  <polarity>+</polarity>
  <retentiontime>13.85</retentiontime>
  <monoisotopicmass></monoisotopicmass>
 </compound>
 <compound>
  <id>StdMix1_17</id>
  <name>L-Methionine</name>
  <formula>C5H11NO2S</formula>
  <inchi/>
  <description></description>
  <synonyms/>
  <polarity>+</polarity>
  <retentiontime>14.23</retentiontime>
  <monoisotopicmass></monoisotopicmass>
 </compound>
 <compound>
  <id>StdMix1_18</id>
  <name>Guanine</name>
  <formula>C5H5N5O</formula>
  <inchi/>
  <description></description>
  <synonyms/>
  <polarity>+</polarity>
  <retentiontime>14.75</retentiontime>
  <monoisotopicmass></monoisotopicmass>
 </compound>
 <compound>
  <id>StdMix1_19</id>
  <name>Pyridoxine</name>
  <formula>C8H11NO3</formula>
  <inchi/>
  <description></description>
  <synonyms/>
  <polarity>+</polarity>
  <retentiontime>14.95</retentiontime>
  <monoisotopicmass></monoisotopicmass>
 </compound>
 <compound>
  <id>StdMix1_20</id>
  <name>L-Valine</name>
  <formula>C5H11NO2</formula>
  <inchi/>
  <description></description>
  <synonyms/>
  <polarity>+</polarity>
  <retentiontime>15.15</retentiontime>
  <monoisotopicmass></monoisotopicmass>
 </compound>
 <compound>
  <id>StdMix1_21</id>
  <name>Adenine</name>
  <formula>C5H5N5</formula>
  <inchi/>
  <description></description>
  <synonyms/>
  <polarity>+</polarity>
  <retentiontime>14.95</retentiontime>
  <monoisotopicmass></monoisotopicmass>
 </compound>
 <compound>
  <id>StdMix1_22</id>
  <name>L-Proline</name>
  <formula>C5H9NO2</formula>
  <inchi/>
  <description></description>
  <synonyms/>
  <polarity>+</polarity>
  <retentiontime>16.43</retentiontime>
  <monoisotopicmass></monoisotopicmass>
 </compound>
 <compound>
  <id>StdMix1_23</id>
  <name>Serotonin</name>
  <formula>C10H12N2O</formula>
  <inchi/>
  <description></description>
  <synonyms/>
  <polarity>+</polarity>
  <retentiontime>16.22</retentiontime>
  <monoisotopicmass></monoisotopicmass>
 </compound>
 <compound>
  <id>StdMix1_24</id>
  <name>Taurine</name>
  <formula>C2H7NO3S</formula>
  <inchi/>
  <description></description>
  <synonyms/>
  <polarity>+</polarity>
  <retentiontime>17.41</retentiontime>
  <monoisotopicmass></monoisotopicmass>
 </compound>
 <compound>
  <id>StdMix1_25</id>
  <name>trans-4-Hydroxy-L-proline</name>
  <formula>C5H9NO3</formula>
  <inchi/>
  <description></description>
  <synonyms/>
  <polarity>+</polarity>
  <retentiontime>17.35</retentiontime>
  <monoisotopicmass></monoisotopicmass>
 </compound>
 <compound>
  <id>StdMix1_26</id>
  <name>Creatinine</name>
  <formula>C4H7N3O</formula>
  <inchi/>
  <description></description>
  <synonyms/>
  <polarity>+</polarity>
  <retentiontime>17.19</retentiontime>
  <monoisotopicmass></monoisotopicmass>
 </compound>
 <compound>
  <id>StdMix1_27</id>
  <name>N2-Acetyl-L-lysine</name>
  <formula>C8H16N2O3</formula>
  <inchi/>
  <description></description>
  <synonyms/>
  <polarity>+</polarity>
  <retentiontime>17.69</retentiontime>
  <monoisotopicmass></monoisotopicmass>
 </compound>
 <compound>
  <id>StdMix1_28</id>
  <name>L-Threonine</name>
  <formula>C4H9NO3</formula>
  <inchi/>
  <description></description>
  <synonyms/>
  <polarity>+</polarity>
  <retentiontime>18.02</retentiontime>
  <monoisotopicmass></monoisotopicmass>
 </compound>
 <compound>
  <id>StdMix1_29</id>
  <name>L-Aspartate</name>
  <formula>C4H7NO4</formula>
  <inchi/>
  <description></description>
  <synonyms/>
  <polarity>+</polarity>
  <retentiontime>18.33</retentiontime>
  <monoisotopicmass></monoisotopicmass>
 </compound>
 <compound>
  <id>StdMix1_30</id>
  <name>L-Glutamine</name>
  <formula>C5H10N2O3</formula>
  <inchi/>
  <description></description>
  <synonyms/>
  <polarity>+</polarity>
  <retentiontime>18.68</retentiontime>
  <monoisotopicmass></monoisotopicmass>
 </compound>
 <compound>
  <id>StdMix1_31</id>
  <name>beta-Alanine</name>
  <formula>C3H7NO2</formula>
  <inchi/>
  <description></description>
  <synonyms/>
  <polarity>+</polarity>
  <retentiontime>18.51</retentiontime>
  <monoisotopicmass></monoisotopicmass>
 </compound>
 <compound>
  <id>StdMix1_32</id>
  <name>L-Asparagine</name>
  <formula>C4H8N2O3</formula>
  <inchi/>
  <description></description>
  <synonyms/>
  <polarity>+</polarity>
  <retentiontime>19.19</retentiontime>
  <monoisotopicmass></monoisotopicmass>
 </compound>
 <compound>
  <id>StdMix1_33</id>
  <name>dGMP</name>
  <formula>C10H14N5O7P</formula>
  <inchi/>
  <description></description>
  <synonyms/>
  <polarity>+</polarity>
  <retentiontime>19.45</retentiontime>
  <monoisotopicmass></monoisotopicmass>
 </compound>
 <compound>
  <id>StdMix1_34</id>
  <name>L-Serine</name>
  <formula>C3H7NO3</formula>
  <inchi/>
  <description></description>
  <synonyms/>
  <polarity>+</polarity>
  <retentiontime>19.22</retentiontime>
  <monoisotopicmass></monoisotopicmass>
 </compound>
 <compound>
  <id>StdMix1_35</id>
  <name>L-Citrulline</name>
  <formula>C6H13N3O3</formula>
  <inchi/>
  <description></description>
  <synonyms/>
  <polarity>+</polarity>
  <retentiontime>19.53</retentiontime>
  <monoisotopicmass></monoisotopicmass>
 </compound>
 <compound>
  <id>StdMix1_36</id>
  <name>Cytidine</name>
  <formula>C9H13N3O5</formula>
  <inchi/>
  <description></description>
  <synonyms/>
  <polarity>+</polarity>
  <retentiontime>19.45</retentiontime>
  <monoisotopicmass></monoisotopicmass>
 </compound>
 <compound>
  <id>StdMix1_37</id>
  <name>Ethanolamine phosphate</name>
  <formula>C2H8NO4P</formula>
  <inchi/>
  <description></description>
  <synonyms/>
  <polarity>+</polarity>
  <retentiontime>20.41</retentiontime>
  <monoisotopicmass></monoisotopicmass>
 </compound>
 <compound>
  <id>StdMix1_38</id>
  <name>Glycine</name>
  <formula>C2H5NO2</formula>
  <inchi/>
  <description>notPAG</description>
  <synonyms/>
  <polarity>+</polarity>
  <retentiontime>20.5</retentiontime>
  <monoisotopicmass></monoisotopicmass>
 </compound>
 <compound>
  <id>StdMix1_39</id>
  <name>sn-glycero-3-Phosphocholine</name>
  <formula>C8H20NO6P</formula>
  <inchi/>
  <description></description>
  <synonyms/>
  <polarity>+</polarity>
  <retentiontime>20.69</retentiontime>
  <monoisotopicmass></monoisotopicmass>
 </compound>
 <compound>
  <id>StdMix1_40</id>
  <name>L-Cystine</name>
  <formula>C6H12N2O4S2</formula>
  <inchi/>
  <description></description>
  <synonyms/>
  <polarity>+</polarity>
  <retentiontime>23.11</retentiontime>
  <monoisotopicmass></monoisotopicmass>
 </compound>
 <compound>
  <id>StdMix1_41</id>
  <name>D-Glucosamine</name>
  <formula>C6H13NO5</formula>
  <inchi/>
  <description></description>
  <synonyms/>
  <polarity>+</polarity>
  <retentiontime>23.77</retentiontime>
  <monoisotopicmass></monoisotopicmass>
 </compound>
 <compound>
  <id>StdMix1_42</id>
  <name>meso-2_6-Diaminoheptanedioate</name>
  <formula>C7H14N2O4</formula>
  <inchi/>
  <description></description>
  <synonyms/>
  <polarity>+</polarity>
  <retentiontime>24.08</retentiontime>
  <monoisotopicmass></monoisotopicmass>
 </compound>
 <compound>
  <id>StdMix1_43</id>
  <name>L-Histidine</name>
  <formula>C6H9N3O2</formula>
  <inchi/>
  <description></description>
  <synonyms/>
  <polarity>+</polarity>
  <retentiontime>25.5</retentiontime>
  <monoisotopicmass></monoisotopicmass>
 </compound>
 <compound>
  <id>StdMix1_44</id>
  <name>L-2_4-Diaminobutanoate</name>
  <formula>C4H10N2O2</formula>
  <inchi/>
  <description></description>
  <synonyms/>
  <polarity>+</polarity>
  <retentiontime>26.51</retentiontime>
  <monoisotopicmass></monoisotopicmass>
 </compound>
 <compound>
  <id>StdMix1_45</id>
  <name>L-Lysine</name>
  <formula>C6H14N2O2</formula>
  <inchi/>
  <description>not19.3ampropanol</description>
  <synonyms/>
  <polarity>+</polarity>
  <retentiontime>26.52</retentiontime>
  <monoisotopicmass></monoisotopicmass>
 </compound>
 <compound>
  <id>StdMix1_46</id>
  <name>L-Arginine</name>
  <formula>C6H14N4O2</formula>
  <inchi/>
  <description></description>
  <synonyms/>
  <polarity>+</polarity>
  <retentiontime>26.54</retentiontime>
  <monoisotopicmass></monoisotopicmass>
 </compound>
 <compound>
  <id>StdMix1_47</id>
  <name>Thiamin</name>
  <formula>C12H16N4OS</formula>
  <inchi/>
  <description></description>
  <synonyms/>
  <polarity>+</polarity>
  <retentiontime>29.05</retentiontime>
  <monoisotopicmass></monoisotopicmass>
 </compound>
 <compound>
  <id>StdMix1_48</id>
  <name>S-Adenosyl-L-methionine</name>
  <formula>C15H22N6O5S</formula>
  <inchi/>
  <description></description>
  <synonyms/>
  <polarity>+</polarity>
  <retentiontime>29.44</retentiontime>
  <monoisotopicmass></monoisotopicmass>
 </compound>
 <compound>
  <id>StdMix1_49</id>
  <name>Putrescine</name>
  <formula>C4H12N2</formula>
  <inchi/>
  <description></description>
  <synonyms/>
  <polarity>+</polarity>
  <retentiontime>32.48</retentiontime>
  <monoisotopicmass></monoisotopicmass>
 </compound>
 <compound>
  <id>StdMix1_50</id>
  <name>4-Coumarate</name>
  <formula>C9H8O3</formula>
  <inchi/>
  <description></description>
  <synonyms/>
  <polarity>-</polarity>
  <retentiontime>5.86</retentiontime>
  <monoisotopicmass></monoisotopicmass>
 </compound>
 <compound>
  <id>StdMix1_51</id>
  <name>(R)-3-Hydroxybutanoate</name>
  <formula>C4H8O3</formula>
  <inchi/>
  <description></description>
  <synonyms/>
  <polarity>-</polarity>
  <retentiontime>6.85</retentiontime>
  <monoisotopicmass></monoisotopicmass>
 </compound>
 <compound>
  <id>StdMix1_52</id>
  <name>Phthalate</name>
  <formula>C8H6O4</formula>
  <inchi/>
  <description></description>
  <synonyms/>
  <polarity>-</polarity>
  <retentiontime>6.38</retentiontime>
  <monoisotopicmass></monoisotopicmass>
 </compound>
 <compound>
  <id>StdMix1_53</id>
  <name>Fumarate</name>
  <formula>C4H4O4</formula>
  <inchi/>
  <description></description>
  <synonyms/>
  <polarity>-</polarity>
  <retentiontime>6.69</retentiontime>
  <monoisotopicmass></monoisotopicmass>
 </compound>
 <compound>
  <id>StdMix1_54</id>
  <name>Methylmalonate</name>
  <formula>C4H6O4</formula>
  <inchi/>
  <description></description>
  <synonyms/>
  <polarity>-</polarity>
  <retentiontime>6.96</retentiontime>
  <monoisotopicmass></monoisotopicmass>
 </compound>
 <compound>
  <id>StdMix1_55</id>
  <name>3_4-Dihydroxyphenylacetate</name>
  <formula>C8H8O4</formula>
  <inchi/>
  <description></description>
  <synonyms/>
  <polarity>-</polarity>
  <retentiontime>7.16</retentiontime>
  <monoisotopicmass></monoisotopicmass>
 </compound>
 <compound>
  <id>StdMix1_56</id>
  <name>Thymidine</name>
  <formula>C10H14N2O5</formula>
  <inchi/>
  <description></description>
  <synonyms/>
  <polarity>-</polarity>
  <retentiontime>7.38</retentiontime>
  <monoisotopicmass></monoisotopicmass>
 </compound>
 <compound>
  <id>StdMix1_57</id>
  <name>Phenolsulfonphthalein</name>
  <formula>C19H14O5S</formula>
  <inchi/>
  <description></description>
  <synonyms/>
  <polarity>-</polarity>
  <retentiontime>6.53</retentiontime>
  <monoisotopicmass></monoisotopicmass>
 </compound>
 <compound>
  <id>StdMix1_58</id>
  <name>Pyruvate</name>
  <formula>C3H4O3</formula>
  <inchi/>
  <description></description>
  <synonyms/>
  <polarity>-</polarity>
  <retentiontime>8.15</retentiontime>
  <monoisotopicmass></monoisotopicmass>
 </compound>
 <compound>
  <id>StdMix1_59</id>
  <name>Malonate</name>
  <formula>C3H4O4</formula>
  <inchi/>
  <description></description>
  <synonyms/>
  <polarity>-</polarity>
  <retentiontime>8.23</retentiontime>
  <monoisotopicmass></monoisotopicmass>
 </compound>
 <compound>
  <id>StdMix1_60</id>
  <name>(R)-2-Hydroxyglutarate</name>
  <formula>C5H8O5</formula>
  <inchi/>
  <description></description>
  <synonyms/>
  <polarity>-</polarity>
  <retentiontime>8.12</retentiontime>
  <monoisotopicmass></monoisotopicmass>
 </compound>
 <compound>
  <id>StdMix1_61</id>
  <name>Deoxyuridine</name>
  <formula>C9H12N2O5</formula>
  <inchi/>
  <description></description>
  <synonyms/>
  <polarity>-</polarity>
  <retentiontime>8.15</retentiontime>
  <monoisotopicmass></monoisotopicmass>
 </compound>
 <compound>
  <id>StdMix1_62</id>
  <name>pyrazinoate</name>
  <formula>C5H4N2O2</formula>
  <inchi/>
  <description></description>
  <synonyms/>
  <polarity>-</polarity>
  <retentiontime>12.02</retentiontime>
  <monoisotopicmass></monoisotopicmass>
 </compound>
 <compound>
  <id>StdMix1_63</id>
  <name>Xanthine</name>
  <formula>C5H4N4O2</formula>
  <inchi/>
  <description></description>
  <synonyms/>
  <polarity>-</polarity>
  <retentiontime>9.3</retentiontime>
  <monoisotopicmass></monoisotopicmass>
 </compound>
 <compound>
  <id>StdMix1_64</id>
  <name>Gallate</name>
  <formula>C7H6O5</formula>
  <inchi/>
  <description></description>
  <synonyms/>
  <polarity>-</polarity>
  <retentiontime>9.5</retentiontime>
  <monoisotopicmass></monoisotopicmass>
 </compound>
 <compound>
  <id>StdMix1_65</id>
  <name>Uridine</name>
  <formula>C9H12N2O6</formula>
  <inchi/>
  <description></description>
  <synonyms/>
  <polarity>-</polarity>
  <retentiontime>9.76</retentiontime>
  <monoisotopicmass></monoisotopicmass>
 </compound>
 <compound>
  <id>StdMix1_66</id>
  <name>cis-Aconitate</name>
  <formula>C6H6O6</formula>
  <inchi/>
  <description></description>
  <synonyms/>
  <polarity>-</polarity>
  <retentiontime>10.41</retentiontime>
  <monoisotopicmass></monoisotopicmass>
 </compound>
 <compound>
  <id>StdMix1_67</id>
  <name>L-Rhamnose</name>
  <formula>C6H12O5</formula>
  <inchi/>
  <description></description>
  <synonyms/>
  <polarity>-</polarity>
  <retentiontime>11.06</retentiontime>
  <monoisotopicmass></monoisotopicmass>
 </compound>
 <compound>
  <id>StdMix1_68</id>
  <name>Orotate</name>
  <formula>C5H4N2O4</formula>
  <inchi/>
  <description></description>
  <synonyms/>
  <polarity>-</polarity>
  <retentiontime>12.48</retentiontime>
  <monoisotopicmass></monoisotopicmass>
 </compound>
 <compound>
  <id>StdMix1_69</id>
  <name>MOPS</name>
  <formula>C7H15NO4S</formula>
  <inchi/>
  <description></description>
  <synonyms/>
  <polarity>-</polarity>
  <retentiontime>14.81</retentiontime>
  <monoisotopicmass></monoisotopicmass>
 </compound>
 <compound>
  <id>StdMix1_70</id>
  <name>D-Gluconic acid</name>
  <formula>C6H12O7</formula>
  <inchi/>
  <description></description>
  <synonyms/>
  <polarity>-</polarity>
  <retentiontime>16.64</retentiontime>
  <monoisotopicmass></monoisotopicmass>
 </compound>
 <compound>
  <id>StdMix1_71</id>
  <name>Pyridoxal phosphate</name>
  <formula>C8H10NO6P</formula>
  <inchi/>
  <description></description>
  <synonyms/>
  <polarity>-</polarity>
  <retentiontime>17.11</retentiontime>
  <monoisotopicmass></monoisotopicmass>
 </compound>
 <compound>
  <id>StdMix1_72</id>
  <name>D-Galacturonate</name>
  <formula>C6H10O7</formula>
  <inchi/>
  <description></description>
  <synonyms/>
  <polarity>-</polarity>
  <retentiontime>16.67</retentiontime>
  <monoisotopicmass></monoisotopicmass>
 </compound>
 <compound>
  <id>StdMix1_73</id>
  <name>D-Galactarate</name>
  <formula>C6H10O8</formula>
  <inchi/>
  <description></description>
  <synonyms/>
  <polarity>-</polarity>
  <retentiontime>19.32</retentiontime>
  <monoisotopicmass></monoisotopicmass>
 </compound>
 <compound>
  <id>StdMix1_74</id>
  <name>3&apos;_5&apos;-Cyclic AMP</name>
  <formula>C10H12N5O6P</formula>
  <inchi/>
  <description></description>
  <synonyms/>
  <polarity>-</polarity>
  <retentiontime>16.73</retentiontime>
  <monoisotopicmass></monoisotopicmass>
 </compound>
 <compound>
  <id>StdMix1_75</id>
  <name>UMP</name>
  <formula>C9H13N2O9P</formula>
  <inchi/>
  <description></description>
  <synonyms/>
  <polarity>-</polarity>
  <retentiontime>16.92</retentiontime>
  <monoisotopicmass></monoisotopicmass>
 </compound>
 <compound>
  <id>StdMix1_76</id>
  <name>IMP</name>
  <formula>C10H13N4O8P</formula>
  <inchi/>
  <description></description>
  <synonyms/>
  <polarity>-</polarity>
  <retentiontime>17.93</retentiontime>
  <monoisotopicmass></monoisotopicmass>
 </compound>
 <compound>
  <id>StdMix1_77</id>
  <name>L-Cysteate</name>
  <formula>C3H7NO5S</formula>
  <inchi/>
  <description></description>
  <synonyms/>
  <polarity>-</polarity>
  <retentiontime>19.35</retentiontime>
  <monoisotopicmass></monoisotopicmass>
 </compound>
 <compound>
  <id>StdMix1_78</id>
  <name>D-ribose 5-phosphate</name>
  <formula>C5H11O8P</formula>
  <inchi/>
  <description></description>
  <synonyms/>
  <polarity>-</polarity>
  <retentiontime>19.94</retentiontime>
  <monoisotopicmass></monoisotopicmass>
 </compound>
 <compound>
  <id>StdMix1_79</id>
  <name>CMP</name>
  <formula>C9H14N3O8P</formula>
  <inchi/>
  <description></description>
  <synonyms/>
  <polarity>-</polarity>
  <retentiontime>20.67</retentiontime>
  <monoisotopicmass></monoisotopicmass>
 </compound>
 <compound>
  <id>StdMix1_80</id>
  <name>D-glucose 6-phosphate</name>
  <formula>C6H13O9P</formula>
  <inchi/>
  <description></description>
  <synonyms/>
  <polarity>-</polarity>
  <retentiontime>21.85</retentiontime>
  <monoisotopicmass></monoisotopicmass>
 </compound>
 <compound>
  <id>StdMix1_81</id>
  <name>Phosphoenolpyruvate</name>
  <formula>C3H5O6P</formula>
  <inchi/>
  <description></description>
  <synonyms/>
  <polarity>-</polarity>
  <retentiontime>22.75</retentiontime>
  <monoisotopicmass></monoisotopicmass>
 </compound>
 <compound>
  <id>StdMix1_82</id>
  <name>6-Phospho-D-gluconate</name>
  <formula>C6H13O10P</formula>
  <inchi/>
  <description></description>
  <synonyms/>
  <polarity>-</polarity>
  <retentiontime>26.91</retentiontime>
  <monoisotopicmass></monoisotopicmass>
 </compound>
 <compound>
  <id>StdMix1_83</id>
  <name>Thiamin diphosphate</name>
  <formula>C12H18N4O7P2S</formula>
  <inchi/>
  <description></description>
  <synonyms/>
  <polarity>-</polarity>
  <retentiontime>35.95</retentiontime>
  <monoisotopicmass></monoisotopicmass>
 </compound>
 <compound>
  <id>StdMix1_84</id>
  <name>L-Glutamate</name>
  <formula>C5H9NO4</formula>
  <inchi/>
  <description>care7.94</description>
  <synonyms/>
  <polarity>-</polarity>
  <retentiontime>17.61</retentiontime>
  <monoisotopicmass></monoisotopicmass>
 </compound>
 <compound>
  <id>StdMix1_85</id>
  <name>D-glucose</name>
  <formula>C6H12O6</formula>
  <inchi/>
  <description></description>
  <synonyms/>
  <polarity>-</polarity>
  <retentiontime>15.74</retentiontime>
  <monoisotopicmass></monoisotopicmass>
 </compound>
 <compound>
  <id>StdMix1_86</id>
  <name>D-Erythrose</name>
  <formula>C4H8O4</formula>
  <inchi/>
  <description>noisy</description>
  <synonyms/>
  <polarity>-</polarity>
  <retentiontime>10.02</retentiontime>
  <monoisotopicmass></monoisotopicmass>
 </compound>
 <compound>
  <id>StdMix1_87</id>
  <name>Maltose</name>
  <formula>C12H22O11</formula>
  <inchi/>
  <description>noisy</description>
  <synonyms/>
  <polarity>-</polarity>
  <retentiontime>16.89</retentiontime>
  <monoisotopicmass></monoisotopicmass>
 </compound>
 <compound>
  <id>StdMix1_88</id>
  <name>2-oxobutanoate</name>
  <formula>C4H6O3</formula>
  <inchi/>
  <description>noisy</description>
  <synonyms/>
  <polarity>-</polarity>
  <retentiontime>9.9</retentiontime>
  <monoisotopicmass></monoisotopicmass>
 </compound>
 <compound>
  <id>StdMix1_89</id>
  <name>2-Methylcitrate</name>
  <formula>C7H10O7</formula>
  <inchi/>
  <description>noisy</description>
  <synonyms/>
  <polarity>-</polarity>
  <retentiontime>9.3</retentiontime>
  <monoisotopicmass></monoisotopicmass>
 </compound>
 <compound>
  <id>StdMix1_90</id>
  <name>Glyoxylate</name>
  <formula>C2H2O3</formula>
  <inchi/>
  <description>not consistent</description>
  <synonyms/>
  <polarity>-</polarity>
  <retentiontime>11.54</retentiontime>
  <monoisotopicmass></monoisotopicmass>
 </compound>
 <compound>
  <id>StdMix1_91</id>
  <name>glycolate</name>
  <formula>C2H4O3</formula>
  <inchi/>
  <description>not consistent</description>
  <synonyms/>
  <polarity>-</polarity>
  <retentiontime>8.28</retentiontime>
  <monoisotopicmass></monoisotopicmass>
 </compound>
 <compound>
  <id>StdMix1_92</id>
  <name>methylglyoxal</name>
  <formula>C3H4O2</formula>
  <inchi/>
  <description>Maybe:fumarate</description>
  <synonyms/>
  <polarity>-</polarity>
  <retentiontime>0</retentiontime>
  <monoisotopicmass></monoisotopicmass>
 </compound>
 <compound>
  <id>StdMix1_93</id>
  <name>IDP</name>
  <formula>C10H14N4O11P2</formula>
  <inchi/>
  <description></description>
  <synonyms/>
  <polarity>-</polarity>
  <retentiontime>30.24</retentiontime>
  <monoisotopicmass></monoisotopicmass>
 </compound>
 <compound>
  <id>StdMix1_94</id>
  <name>ADP</name>
  <formula>C10H15N5O10P2</formula>
  <inchi/>
  <description>not NADP+</description>
  <synonyms/>
  <polarity>-</polarity>
  <retentiontime>28.24</retentiontime>
  <monoisotopicmass></monoisotopicmass>
 </compound>
 <compound>
  <id>StdMix1_95</id>
  <name>D-Fructose 1_6-bisphosphate</name>
  <formula>C6H14O12P2</formula>
  <inchi/>
  <description></description>
  <synonyms/>
  <polarity>-</polarity>
  <retentiontime>41.53</retentiontime>
  <monoisotopicmass></monoisotopicmass>
 </compound>
 <compound>
  <id>StdMix1_96</id>
  <name>CoA</name>
  <formula>C21H36N7O16P3S</formula>
  <inchi/>
  <description>not seen</description>
  <synonyms/>
  <polarity>-</polarity>
  <retentiontime>0</retentiontime>
  <monoisotopicmass></monoisotopicmass>
 </compound>
 <compound>
  <id>StdMix1_97</id>
  <name>2_3-Bisphospho-D-glycerate</name>
  <formula>C3H8O10P2</formula>
  <inchi/>
  <description>not seen</description>
  <synonyms/>
  <polarity>-</polarity>
  <retentiontime>0</retentiontime>
  <monoisotopicmass></monoisotopicmass>
 </compound>
 <compound>
  <id>StdMix1_98</id>
  <name>3-Hydroxyphenylacetate</name>
  <formula>C8H8O3</formula>
  <inchi/>
  <description>not seen</description>
  <synonyms/>
  <polarity>-</polarity>
  <retentiontime>0</retentiontime>
  <monoisotopicmass></monoisotopicmass>
 </compound>
 <compound>
  <id>StdMix1_99</id>
  <name>Deoxyribose</name>
  <formula>C5H10O4</formula>
  <inchi/>
  <description>not seen</description>
  <synonyms/>
  <polarity>-</polarity>
  <retentiontime>0</retentiontime>
  <monoisotopicmass></monoisotopicmass>
 </compound>
 <compound>
  <id>StdMix1_100</id>
  <name>Cholesterol</name>
  <formula>C27H46O</formula>
  <inchi/>
  <description>not seen</description>
  <synonyms/>
  <polarity>+</polarity>
  <retentiontime>0</retentiontime>
  <monoisotopicmass></monoisotopicmass>
 </compound>
 <compound>
  <id>StdMix1_101</id>
  <name>1-Butanol</name>
  <formula>C4H10O</formula>
  <inchi/>
  <description>noise</description>
  <synonyms/>
  <polarity>+</polarity>
  <retentiontime>0</retentiontime>
  <monoisotopicmass></monoisotopicmass>
 </compound>
 <compound>
  <id>StdMix1_102</id>
  <name>Oxaloacetate</name>
  <formula>C4H4O5</formula>
  <inchi/>
  <description>unstable</description>
  <synonyms/>
  <polarity>+</polarity>
  <retentiontime>0</retentiontime>
  <monoisotopicmass></monoisotopicmass>
 </compound>
 <compound>
  <id>StdMix1_103</id>
  <name>Imidazole</name>
  <formula>C3H4N2</formula>
  <inchi/>
  <description>not seen</description>
  <synonyms/>
  <polarity>+</polarity>
  <retentiontime>0</retentiontime>
  <monoisotopicmass></monoisotopicmass>
 </compound>
 <compound>
  <id>StdMix1_104</id>
  <name>glyceraldehyde</name>
  <formula>C3H6O3</formula>
  <inchi/>
  <description>not consistent</description>
  <synonyms/>
  <polarity>+</polarity>
  <retentiontime>10</retentiontime>
  <monoisotopicmass></monoisotopicmass>
 </compound>
</compounds>
